{
	"system" : {
		"platform" : "windows64",
		"os_name" : "Windows 10",
		"os_version" : "10.0"
	},
	"error" : {
		"executable" : "quartus",
		"comment" : "not_applicable",
		"error_message" : "Access Violation at 0X00007FFCE7DC25B7",
		"source_file" : "unknown",
		"line" : "0",
		"stack_trace" : "\t0x7ffce7dc25b6: edt_tedq + 0x325b6 (?on_mark_all_button@TEDQ_SCINTILLA_CTRL@@QEAAX_N@Z + 0x16)\n\t0x7ffce7dc2582: edt_tedq + 0x32582 (?on_mark_all_button@TEDQ_FIND_DLG@@IEAAXXZ + 0xc2)\n\t 0x7082d700: QtCore4 + 0x11d700 (?activate@QMetaObject@@SAXPEAVQObject@@PEBU1@HPEAPEAX@Z + 0x520)\n\t 0x70f91692: QtGui4 + 0x591692 (?clicked@QAbstractButton@@IEAAX_N@Z + 0x32)\n\t 0x70d4899e: QtGui4 + 0x34899e (?click@QAbstractButton@@QEAAXXZ + 0x51e)\n\t 0x70d48617: QtGui4 + 0x348617 (?click@QAbstractButton@@QEAAXXZ + 0x197)\n\t 0x70d49499: QtGui4 + 0x349499 (?mouseReleaseEvent@QAbstractButton@@MEAAXPEAVQMouseEvent@@@Z + 0x59)\n\t 0x70a61b84: QtGui4 + 0x61b84 (?event@QWidget@@MEAA_NPEAVQEvent@@@Z + 0xd4)\n\t 0x70a22c55: QtGui4 + 0x22c55 (?notify_helper@QApplicationPrivate@@QEAA_NPEAVQObject@@PEAVQEvent@@@Z + 0xf5)\n\t 0x70a2184e: QtGui4 + 0x2184e (?notify@QApplication@@UEAA_NPEAVQObject@@PEAVQEvent@@@Z + 0x71e)\n\t 0x7081ec4b: QtCore4 + 0x10ec4b (?notifyInternal@QCoreApplication@@AEAA_NPEAVQObject@@PEAVQEvent@@@Z + 0x7b)\n\t 0x70a25a9e: QtGui4 + 0x25a9e (?sendMouseEvent@QApplicationPrivate@@SA_NPEAVQWidget@@PEAVQMouseEvent@@00PEAPEAV2@AEAV?$QPointer@VQWidget@@@@_N@Z + 0x1de)\n\t 0x70a86940: QtGui4 + 0x86940 (?trUtf8@QScrollBar@@SA?AVQString@@PEBD0H@Z + 0x1440)\n\t 0x70a8a301: QtGui4 + 0x8a301 (?winMouseButtonUp@QApplication@@SAXXZ + 0x2761)\n\t0x7ffd4778e857: USER32 + 0xe857 (CallWindowProcW + 0x3f7)\n\t0x7ffd4778e298: USER32 + 0xe298 (DispatchMessageW + 0x258)\n\t 0x70843982: QtCore4 + 0x133982 (?processEvents@QEventDispatcherWin32@@UEAA_NV?$QFlags@W4ProcessEventsFlag@QEventLoop@@@@@Z + 0x3e2)\n\t 0x70a82004: QtGui4 + 0x82004 (?openPopup@QApplicationPrivate@@QEAAXPEAVQWidget@@@Z + 0x204)\n\t 0x7081bb7b: QtCore4 + 0x10bb7b (?exec@QEventLoop@@QEAAHV?$QFlags@W4ProcessEventsFlag@QEventLoop@@@@@Z + 0x22b)\n\t 0x7081e18f: QtCore4 + 0x10e18f (?exec@QCoreApplication@@SAHXZ + 0xdf)\n\t0x7ff714ba198b: quartus + 0x198b (?qgq_main@@YAHHPEAPEBD@Z + 0x8b)\n\t0x7ffd2de93258: CCL_MSG + 0x13258 (?msg_main_thread@@YAPEAXPEAX@Z + 0x18)\n\t0x7ffd2de94a5e: CCL_MSG + 0x14a5e (?msg_thread_wrapper@@YAPEAXP6APEAXPEAX@Z0@Z + 0x6e)\n\t0x7ffd2e256af0: ccl_mem + 0x16af0 (?mem_thread_wrapper@@YAPEAXP6APEAXPEAX@Z0@Z + 0x70)\n\t0x7ffd2de92af1: CCL_MSG + 0x12af1 (?msg_exe_main@@YAHHPEAPEBDP6AHH0@Z@Z + 0xa1)\n\t0x7ff714ba2777: quartus + 0x2777 (WinMain + 0x127)\n\t0x7ff714ba1f40: quartus + 0x1f40 (__tmainCRTStartup + 0x148)\n\t0x7ffd45ea7033: KERNEL32 + 0x17033 (BaseThreadInitThunk + 0x13)\n\t0x7ffd47e1d0d0: ntdll + 0x4d0d0 (RtlUserThreadStart + 0x20)\n",
		"subsystem" : "unknown"
	},
	"quartus" : {
		"quartus_bits" : "64",
		"version" : "20.1.0",
		"build" : "711",
		"edition" : "Lite Edition"
	}
}